{
  "run": "phikon_stain",
  "in_dist": {
    "accuracy": 96.65738161559888,
    "macro_f1": 94.97182470774885,
    "per_class_f1": {
      "ADI": 99.3984962406015,
      "BACK": 100.0,
      "DEB": 98.97810218978103,
      "LYM": 99.76322020520915,
      "MUC": 99.75833736104398,
      "MUS": 80.48780487804879,
      "NORM": 99.66375252185608,
      "STR": 77.466251298027,
      "TUM": 99.23045767517213
    }
  },
  "ood": {
    "accuracy": 78.02228412256268,
    "macro_f1": 75.42294798530445,
    "per_class_f1": {
      "ADI": 92.12410501193318,
      "BACK": 75.09025270758123,
      "DEB": 55.89600742804085,
      "LYM": 88.04071246819338,
      "MUC": 76.2830902215019,
      "MUS": 61.77536231884058,
      "NORM": 85.04273504273505,
      "STR": 62.72321428571429,
      "TUM": 81.83105238319962
    }
  },
  "ood_drop": 18.6350974930362
}