{
  "run": "resnet50_stain",
  "in_dist": {
    "accuracy": 94.5682451253482,
    "macro_f1": 91.63387707428228,
    "per_class_f1": {
      "ADI": 99.55290611028316,
      "BACK": 99.82321744254567,
      "DEB": 96.0,
      "LYM": 98.5691573926868,
      "MUC": 97.24770642201835,
      "MUS": 81.72661870503597,
      "NORM": 95.78804347826086,
      "STR": 59.44272445820433,
      "TUM": 96.55451965950547
    }
  },
  "ood": {
    "accuracy": 74.01114206128133,
    "macro_f1": 70.11946025512664,
    "per_class_f1": {
      "ADI": 94.3993820007725,
      "BACK": 83.90977443609022,
      "DEB": 53.075571177504386,
      "LYM": 83.85370205173952,
      "MUC": 73.73493975903614,
      "MUS": 55.28341497550735,
      "NORM": 80.2130898021309,
      "STR": 39.69465648854962,
      "TUM": 66.9106116048092
    }
  },
  "ood_drop": 20.557103064066865
}