{
  "description": "Second-mechanism OOD: JPEG + blur + downscale + RGB-space colour cast + gamma (no HED jitter).",
  "clean": {
    "accuracy": 97.29805013927577,
    "macro_f1": 96.12568788344265,
    "per_class_f1": {
      "ADI": 99.39894815927873,
      "BACK": 100.0,
      "DEB": 98.83040935672514,
      "LYM": 99.29411764705883,
      "MUC": 98.4958757884522,
      "MUS": 90.01663893510815,
      "NORM": 97.68365320979484,
      "STR": 82.58706467661692,
      "TUM": 98.82448317794893
    }
  },
  "scanner_ood": {
    "accuracy": 92.7158774373259,
    "macro_f1": 90.65876703236701,
    "per_class_f1": {
      "ADI": 98.1418278346606,
      "BACK": 99.41037735849056,
      "DEB": 96.91629955947137,
      "LYM": 96.23944742900997,
      "MUC": 98.3941605839416,
      "MUS": 69.41649899396378,
      "NORM": 93.07304785894208,
      "STR": 71.02115915363385,
      "TUM": 93.3160845191893
    }
  },
  "clean_acc": 97.3,
  "ood_acc": 92.72,
  "drop": 4.58
}