{
  "run": "vit_l_stain",
  "in_dist": {
    "accuracy": 97.29805013927577,
    "macro_f1": 96.12568788344265,
    "per_class_f1": {
      "ADI": 99.39894815927873,
      "BACK": 100.0,
      "DEB": 98.83040935672514,
      "LYM": 99.29411764705883,
      "MUC": 98.4958757884522,
      "MUS": 90.01663893510815,
      "NORM": 97.68365320979484,
      "STR": 82.58706467661692,
      "TUM": 98.82448317794893
    }
  },
  "ood": {
    "accuracy": 84.35933147632312,
    "macro_f1": 80.99505830049294,
    "per_class_f1": {
      "ADI": 93.7759336099585,
      "BACK": 87.89000528820729,
      "DEB": 66.45833333333333,
      "LYM": 91.12033195020747,
      "MUC": 84.55918168533853,
      "MUS": 64.66019417475728,
      "NORM": 91.97786998616874,
      "STR": 61.03603603603604,
      "TUM": 87.47763864042933
    }
  },
  "ood_drop": 12.938718662952652
}