{
  "run": "vit_l_nostain",
  "in_dist": {
    "accuracy": 97.92479108635096,
    "macro_f1": 97.18741659270745,
    "per_class_f1": {
      "ADI": 99.36590824319283,
      "BACK": 100.0,
      "DEB": 98.68995633187772,
      "LYM": 99.76284584980237,
      "MUC": 98.49878934624698,
      "MUS": 93.6378466557912,
      "NORM": 98.65591397849462,
      "STR": 87.89808917197452,
      "TUM": 98.17739975698665
    }
  },
  "ood": {
    "accuracy": 53.94150417827298,
    "macro_f1": 51.517468308419936,
    "per_class_f1": {
      "ADI": 78.39506172839506,
      "BACK": 82.4038982133189,
      "DEB": 30.030959752321984,
      "LYM": 43.71184371184371,
      "MUC": 35.95352016404648,
      "MUS": 33.188854489164086,
      "NORM": 66.40986132511556,
      "STR": 43.09701492537313,
      "TUM": 50.46620046620046
    }
  },
  "ood_drop": 43.983286908077986
}