{
  "run": "vit_b_stain",
  "in_dist": {
    "accuracy": 97.42339832869081,
    "macro_f1": 96.52278037430473,
    "per_class_f1": {
      "ADI": 99.40119760479041,
      "BACK": 100.0,
      "DEB": 98.53801169590643,
      "LYM": 99.5275590551181,
      "MUC": 98.92787524366472,
      "MUS": 91.24579124579124,
      "NORM": 97.50841750841751,
      "STR": 85.78199052132702,
      "TUM": 97.77418049372724
    }
  },
  "ood": {
    "accuracy": 81.93593314763231,
    "macro_f1": 78.83837361576659,
    "per_class_f1": {
      "ADI": 90.53497942386831,
      "BACK": 87.1590909090909,
      "DEB": 60.9504132231405,
      "LYM": 88.2747068676717,
      "MUC": 84.23114593535749,
      "MUS": 65.41218637992831,
      "NORM": 88.88888888888889,
      "STR": 59.320288362512876,
      "TUM": 84.77366255144034
    }
  },
  "ood_drop": 15.487465181058496
}